CREATE TABLE province (
    id INTEGER PRIMARY KEY,
    name TEXT NOT NULL
);

CREATE TABLE district (
    id INTEGER PRIMARY KEY,
    name TEXT NOT NULL,
    province_id INTEGER NOT NULL,
    FOREIGN KEY(province_id) REFERENCES province(id)
);

CREATE TABLE city (
    id INTEGER PRIMARY KEY,
    name TEXT NOT NULL,
    since INTEGER NOT NULL,
    population_2001 INTEGER NOT NULL,
    population_2011 INTEGER NOT NULL,
    population_2023 INTEGER NOT NULL,
    district_id INTEGER NOT NULL,
    FOREIGN KEY(district_id) REFERENCES district(id)
);

INSERT INTO province (id, name) VALUES
(1, 'Niederösterreich'),
(2, 'Oberösterreich'),
(3, 'Kärnten'),
(4, 'Steiermark'),
(5, 'Salzburg'),
(6, 'Vorarlberg'),
(7, 'Burgenland'),
(8, 'Tirol'),
(9, 'Wien');

INSERT INTO district (id, name, province_id) VALUES
(1, 'Zwettl', 1),
(2, 'Amstetten', 1),
(3, 'Baden', 1),
(4, 'Leitha', 1),
(5, 'Gänserndorf', 1),
(6, 'Horn', 1),
(7, 'Krems', 1),
(8, 'Wiener Neustadt', 1),
(9, 'Bruck an derLeitha', 1),
(10, 'Korneuburg', 1),
(11, 'Neunkirchen', 1),
(12, 'Gmünd', 1),
(13, 'Waidhofen an der Thaya', 1),
(14, ' Bruck an der Leitha', 1),
(15, 'Lilienfeld', 1),
(16, 'Hollabrunn', 1),
(17, 'St. Pölten', 1),
(18, 'Tulln', 1),
(19, 'Mistelbach', 1),
(20, 'Melk', 1),
(21, 'Bruck an der Leitha', 1),
(22, 'Mödling', 1),
(23, 'Scheibbs', 1),
(24, 'Waidhofen an der Ybbs', 1),
(25, 'Braunau am Inn', 2),
(26, 'Linz-Land', 2),
(27, 'Vöcklabruck', 2),
(28, 'Steyr-Land', 2),
(29, 'Gmunden', 2),
(30, 'Urfahr-Umgebung', 2),
(31, 'Eferding', 2),
(32, 'Freistadt', 2),
(33, 'Perg', 2),
(34, 'Grieskirchen', 2),
(35, 'Kirchdorf', 2),
(36, 'Linz', 2),
(37, 'Wels-Land', 2),
(38, 'Ried im Innkreis', 2),
(39, 'Rohrbach', 2),
(40, 'Schärding', 2),
(41, 'Steyr', 2),
(42, 'Wels', 2),
(43, 'Glan', 3),
(44, 'Wolfsberg', 3),
(45, 'Völkermarkt', 3),
(46, 'Feldkirchen', 3),
(47, 'Klagenfurt-Land', 3),
(48, 'St. Veit an der Glan', 3),
(49, ' Spittal an der Drau', 3),
(50, 'Hermagor', 3),
(51, 'Klagenfurt', 3),
(52, 'Spittal an der Drau', 3),
(53, 'Villach', 3),
(54, 'Liezen', 4),
(55, 'Südoststeiermark', 4),
(56, 'Voitsberg', 4),
(57, 'Bruck-Mürzzuschlag', 4),
(58, 'Deutschlandsberg', 4),
(59, 'Leoben', 4),
(60, 'Hartberg-Fürstenfeld', 4),
(61, 'Graz-Umgebung', 4),
(62, 'Weiz', 4),
(63, 'Graz', 4),
(64, 'Murtal', 4),
(65, 'Leibnitz', 4),
(66, 'Murau', 4),
(67, 'St. Johann im Pongau', 5),
(68, 'Hallein', 5),
(69, 'Zell am See', 5),
(70, 'Salzburg-Umgebung', 5),
(71, 'Salzburg', 5),
(72, 'Bludenz', 6),
(73, 'Bregenz', 6),
(74, 'Dornbirn', 6),
(75, 'Feldkirch', 6),
(76, 'Eisenstadt', 7),
(77, 'Neusiedl am See', 7),
(78, 'Güssing', 7),
(79, 'Jennersdorf', 7),
(80, 'Mattersburg', 7),
(81, 'Eisenstadt-Umgebung', 7),
(82, 'Oberpullendorf', 7),
(83, 'Oberwart', 7),
(84, 'Rust', 7),
(85, 'Innsbruck-Land', 8),
(86, 'Imst', 8),
(87, 'Innsbruck', 8),
(88, 'Kitzbühel', 8),
(89, 'Kufstein', 8),
(90, 'Landeck', 8),
(91, 'Lienz', 8),
(92, 'Schwaz', 8),
(93, 'Reutte', 8),
(94, 'Wien', 9);

INSERT INTO city (id, name, since, population_2001, population_2011, population_2023, district_id) VALUES
(1, 'Allentsteig', '1380', 2163, 1998, 1732, 1),
(2, 'Groß Gerungs', '1983', 4820, 4624, 4508, 1),
(3, 'Zwettl-Niederösterreich', '1200', 11630, 11247, 10702, 1),
(4, 'Amstetten', '1897', 22595, 22847, 23902, 2),
(5, 'Haag', '1932', 5170, 5405, 5753, 2),
(6, 'St. Valentin', '1983', 8983, 9220, 9374, 2),
(7, 'Bad Vöslau', '1954', 10998, 11316, 12396, 3),
(8, 'Baden', '1480', 24502, 25093, 26017, 3),
(9, 'Berndorf', '1900', 8642, 8810, 8956, 3),
(10, 'Ebreichsdorf', '2001', 8788, 9976, 11860, 3),
(11, 'Traiskirchen', '1927', 15669, 17729, 19150, 3),
(12, 'Bruck an der Leitha Bruck an der', '1239', 7311, 7648, 8395, 4),
(13, 'Schwechat Bruck an der', '1922', 15286, 16529, 21166, 4),
(14, 'Deutsch-Wagram', '1984', 6808, 7882, 9174, 5),
(15, 'Gänserndorf', '1958', 7928, 10362, 12012, 5),
(16, 'Groß-Enzersdorf', '1396', 8128, 9613, 12043, 5),
(17, 'Marchegg', '1268', 2850, 2926, 3099, 5),
(18, 'Zistersdorf', '1281', 5632, 5437, 5475, 5),
(19, 'Drosendorf-Zissersdorf', '1310', 1309, 1215, 1206, 6),
(20, 'Eggenburg', '1277', 3645, 3492, 3537, 6),
(21, 'Geras', '1928', 1433, 1369, 1281, 6),
(22, 'Horn', '1660', 6411, 6548, 6502, 6),
(23, 'Dürnstein', '1492', 931, 868, 792, 7),
(24, 'Gföhl', '1990', 3740, 3702, 3792, 7),
(25, 'Krems an der Donau', '1305', 23713, 24032, 25271, 7),
(26, 'Langenlois', '1925', 6875, 7392, 7582, 7),
(27, 'Mautern an der Donau', '1276', 3074, 3465, 3418, 7),
(28, 'Ebenfurth', '1515', 2609, 2853, 3142, 8),
(29, 'Kirchschlag in der Buckligen Welt', '2002', 2960, 2921, 2801, 8),
(30, 'Wiener Neustadt', '1277', 37627, 41305, 47878, 8),
(31, 'Fischamend', '1988', 4419, 4798, 5714, 9),
(32, 'Gerasdorf bei Wien', '1998', 8231, 10278, 11871, 10),
(33, 'Korneuburg', '1298', 11032, 12278, 13697, 10),
(34, 'Stockerau', '1893', 14452, 15624, 16974, 10),
(35, 'Gloggnitz', '1926', 6159, 6041, 5895, 11),
(36, 'Neunkirchen', '1920', 11028, 12249, 12814, 11),
(37, 'Ternitz', '1948', 15232, 14800, 14693, 11),
(38, 'Gmünd', '1311', 5861, 5371, 5173, 12),
(39, 'Heidenreichstein', '1932', 4565, 4078, 3811, 12),
(40, 'Litschau', '1386', 2524, 2263, 2139, 12),
(41, 'Schrems', '1936', 5830, 5643, 5273, 12),
(42, 'Weitra', '1360', 2898, 2752, 2601, 12),
(43, 'Groß-Siegharts', '1928', 3089, 2804, 2693, 13),
(44, 'Raabs an der Thaya', '1926', 3114, 2772, 2656, 13),
(45, 'Waidhofen an der Thaya', '1230', 5750, 5649, 5219, 13),
(46, 'Hainburg an der Donau', '1244', 5651, 5906, 6982, 14),
(47, 'Hainfeld', '1928', 3696, 3721, 3830, 15),
(48, 'Lilienfeld', '1974', 3021, 2811, 2630, 15),
(49, 'Hardegg', '1309', 1490, 1380, 1313, 16),
(50, 'Hollabrunn', '1908', 10685, 11489, 12262, 16),
(51, 'Maissau', '1380', 1855, 1869, 1944, 16),
(52, 'Pulkau', '1985', 1568, 1574, 1505, 16),
(53, 'Retz', '1486', 4168, 4176, 4279, 16),
(54, 'Schrattenthal', '1472', 879, 856, 895, 16),
(55, 'Herzogenburg', '1927', 7738, 7790, 7936, 17),
(56, 'Neulengbach', '2000', 7120, 7849, 8609, 17),
(57, 'Pressbaum', '2012', 5834, 7058, 7863, 17),
(58, 'Purkersdorf', '1966', 7762, 9259, 9944, 17),
(59, 'St. Pölten', '1159', 49121, 51955, 57639, 17),
(60, 'Traismauer', '1958', 5618, 5919, 6474, 17),
(61, 'Wilhelmsburg', '1959', 6660, 6446, 6461, 17),
(62, 'Klosterneuburg', '1298', 24797, 25828, 28107, 18),
(63, 'Tulln an der Donau', '1270', 13591, 15169, 16932, 18),
(64, 'Laa an der Thaya', '1230', 6137, 6187, 6275, 19),
(65, 'Mistelbach', '1874', 10644, 10963, 12025, 19),
(66, 'Poysdorf', '1923', 5606, 5519, 5685, 19),
(67, 'Wolkersdorf im Weinviertel', '1968', 6191, 6739, 7425, 19),
(68, 'Mank', '1987', 2904, 3090, 3335, 20),
(69, 'Melk', '1898', 5222, 5254, 5594, 20),
(70, 'Pöchlarn', '1400', 3473, 3924, 4000, 20),
(71, 'Ybbs an der Donau', '1317', 5684, 5592, 5653, 20),
(72, 'Mannersdorf am Leithagebirge', '1989', 3731, 3839, 4219, 21),
(73, 'Mödling', '1875', 20405, 20411, 20630, 22),
(74, 'Scheibbs', '1926', 4331, 4199, 4237, 23),
(75, 'Wieselburg', '1976', 3489, 3702, 4672, 23),
(76, 'Waidhofen an der Ybbs', '1273', 11662, 11455, 11126, 24),
(77, 'Altheim', '2003', 4875, 4784, 5064, 25),
(78, 'Braunau am Inn', '1260', 16337, 16197, 17572, 25),
(79, 'Mattighofen', '1986', 5087, 5730, 7398, 25),
(80, 'Ansfelden', '1988', 14789, 15716, 18145, 26),
(81, 'Enns', '1212', 10611, 11361, 12176, 26),
(82, 'Leonding', '1975', 22203, 25582, 29129, 26),
(83, 'Traun', '1973', 23470, 23709, 25006, 26),
(84, 'Attnang-Puchheim', '1990', 8756, 8862, 9201, 27),
(85, 'Schwanenstadt', '1627', 4131, 4120, 4649, 27),
(86, 'Vöcklabruck', '1353', 11697, 11909, 12769, 27),
(87, 'Bad Hall', '2001', 4752, 4773, 5746, 28),
(88, 'Bad Ischl', '1940', 14081, 13876, 14228, 29),
(89, 'Gmunden', '1278', 13184, 13086, 13360, 29),
(90, 'Laakirchen', '2007', 9130, 9468, 9813, 29),
(91, 'Bad Leonfelden', '2001', 3847, 4086, 4404, 30),
(92, 'Gallneukirchen', '2001', 5915, 6183, 6643, 30),
(93, 'Steyregg', '1481', 4749, 4779, 5107, 30),
(94, 'Eferding', '1222', 3393, 3866, 4296, 31),
(95, 'Freistadt', '1241', 7353, 7458, 8180, 32),
(96, 'Pregarten', '2003', 4815, 5098, 5571, 32),
(97, 'Grein', '1491', 3109, 3024, 2934, 33),
(98, 'Perg', '1969', 7129, 7823, 9306, 33),
(99, 'Grieskirchen', '1613', 4802, 4803, 5104, 34),
(100, 'Peuerbach', '1994', 4530, 4456, 4697, 34),
(101, 'Kirchdorf an der Krems', '1975', 4099, 4075, 4931, 35),
(102, 'Linz', '1240', 183504, 189889, 210118, 36),
(103, 'Marchtrenk', '2000', 11274, 12359, 14603, 37),
(104, 'Stadl-Paura', '2022', 4866, 4931, 5083, 37),
(105, 'Ried im Innkreis', '1857', 11404, 11394, 12482, 38),
(106, 'Rohrbach-Berg', '1986', 2353, 2478, 5239, 39),
(107, 'Schärding', '1316', 5052, 4876, 5351, 40),
(108, 'Steyr', '1287', 39340, 38205, 37917, 41),
(109, 'Wels', '1222', 56478, 58591, 64385, 42),
(110, 'Althofen St. Veit an der', '1993', 4732, 4656, 4826, 43),
(111, 'Bad St. Leonhard im Lavanttal', '1325', 4816, 4528, 4289, 44),
(112, 'Sankt Andrä', '1289', 10719, 10252, 9839, 44),
(113, 'Wolfsberg', '1331', 25301, 24981, 25133, 44),
(114, 'Bleiburg', '1370', 4083, 3896, 4103, 45),
(115, 'Völkermarkt', '1252', 11373, 11110, 10977, 45),
(116, 'Feldkirchen in Kärnten', '1930', 14030, 14281, 14434, 46),
(117, 'Ferlach', '1930', 7602, 7273, 7340, 47),
(118, 'Friesach', '1215', 5400, 5139, 4901, 48),
(119, 'Sankt Veit an der Glan', '1224', 12839, 12602, 12255, 48),
(120, 'Straßburg', '1382', 2335, 2149, 1986, 48),
(121, 'Gmünd in Kärnten', '1346', 2605, 2580, 2520, 49),
(122, 'Hermagor-Pressegger See', '1930', 7232, 7055, 6951, 50),
(123, 'Klagenfurt am Wörthersee', '1252', 90141, 94483, 104332, 51),
(124, 'Radenthein', '1995', 6620, 6210, 5777, 52),
(125, 'Spittal an der Drau', '1930', 16045, 15753, 15270, 52),
(126, 'Villach', '1240', 57497, 59324, 65135, 53),
(127, 'Bad Aussee', '1994', 5086, 4879, 5016, 54),
(128, 'Liezen', '1947', 6908, 6848, 8251, 54),
(129, 'Rottenmann', '1279', 5489, 5108, 5118, 54),
(130, 'Schladming', '1322', 4570, 4434, 6553, 54),
(131, 'Trieben', '1996', 3808, 3428, 3312, 54),
(132, 'Bad Radkersburg', '1299', 1599, 1332, 3235, 55),
(133, 'Fehring', '1962', 3169, 3026, 7245, 55),
(134, 'Feldbach', '1884', 4680, 4608, 13421, 55),
(135, 'Mureck', '1975', 1690, 1570, 3494, 55),
(136, 'Bärnbach', '1977', 4917, 5272, 5775, 56),
(137, 'Köflach', '1939', 10671, 9747, 9639, 56),
(138, 'Voitsberg', '1224', 10074, 9619, 9538, 56),
(139, 'Bruck an der Mur', '1277', 13439, 12548, 15970, 57),
(140, 'Kapfenberg', '1924', 22234, 21637, 22182, 57),
(141, 'Kindberg', '1982', 5865, 5499, 8183, 57),
(142, 'Mariazell', '1948', 1723, 1492, 3718, 57),
(143, 'Mürzzuschlag', '1923', 9569, 8693, 8047, 57),
(144, 'Deutschlandsberg', '1918', 7983, 8127, 11721, 58),
(145, 'Eisenerz', '1948', 6435, 4826, 3501, 59),
(146, 'Leoben', '1280', 25804, 24598, 25140, 59),
(147, 'Trofaiach', '1979', 11773, 11298, 11003, 59),
(148, 'Friedberg', '1252', 2629, 2580, 2643, 60),
(149, 'Fürstenfeld', '1232', 5982, 5986, 8848, 60),
(150, 'Hartberg', '1286', 6547, 6529, 6764, 60),
(151, 'Frohnleiten', '2002', 6592, 6023, 6633, 61),
(152, 'Gleisdorf', '1920', 5224, 5741, 11362, 62),
(153, 'Weiz', '1932', 8926, 8872, 11952, 62),
(154, 'Graz', '1265', 226244, 261726, 298479, 63),
(155, 'Judenburg', '1224', 10130, 9312, 9614, 64),
(156, 'Knittelfeld', '1302', 12740, 11553, 12781, 64),
(157, 'Spielberg', '2009', 4875, 5101, 5348, 64),
(158, 'Zeltweg', '1966', 7834, 7176, 7114, 64),
(159, 'Leibnitz', '1913', 6892, 7862, 13014, 65),
(160, 'Murau', '1298', 2331, 2113, 3448, 66),
(161, 'Oberwölz', '1304', 1055, 986, 2959, 66),
(162, 'Bischofshofen', '2000', 10087, 10286, 10658, 67),
(163, 'Radstadt', '1289', 4710, 4845, 4947, 67),
(164, 'St. Johann im Pongau', '2000', 10260, 10698, 11452, 67),
(165, 'Hallein', '1230', 18399, 19974, 21523, 68),
(166, 'Mittersill', '2008', 5500, 5405, 5804, 69),
(167, 'Saalfelden am Steinernen Meer', '2000', 15093, 15950, 17123, 69),
(168, 'Zell am See', '1928', 9638, 9528, 10213, 69),
(169, 'Neumarkt am Wallersee', '2000', 5420, 5844, 6626, 70),
(170, 'Oberndorf bei Salzburg', '2001', 5431, 5591, 6058, 70),
(171, 'Seekirchen am Wallersee', '2000', 9344, 9921, 11233, 70),
(172, 'Salzburg', '1287', 142662, 145270, 156619, 71),
(173, 'Bludenz', '1329', 13701, 13701, 15029, 72),
(174, 'Bregenz', '1363', 26752, 27831, 29620, 73),
(175, 'Dornbirn', '1901', 42301, 45922, 51222, 74),
(176, 'Hohenems', '1983', 13891, 15283, 17239, 74),
(177, 'Feldkirch', '1218', 28600, 30943, 35793, 75),
(178, 'Eisenstadt', '1648', 11334, 13101, 15729, 76),
(179, 'Frauenkirchen', '1982', 2856, 2836, 2932, 77),
(180, 'Neusiedl am See', '1926', 5584, 7123, 8917, 77),
(181, 'Güssing', '1973', 3902, 3792, 3610, 78),
(182, 'Jennersdorf', '1977', 4236, 4197, 4143, 79),
(183, 'Mattersburg', '1926', 6256, 7075, 7514, 80),
(184, 'Neufeld an der Leitha', '1997', 2948, 3182, 3642, 81),
(185, 'Purbach am Neusiedler See', '1997', 2570, 2713, 2984, 81),
(186, 'Oberpullendorf', '1975', 2793, 3004, 3286, 82),
(187, 'Oberwart', '1939', 6696, 7135, 7998, 83),
(188, 'Pinkafeld', '1937', 5181, 5520, 5939, 83),
(189, 'Stadtschlaining', '1991', 2093, 2083, 1965, 83),
(190, 'Rust', '1681', 1714, 1896, 1964, 84),
(191, 'Hall in Tirol', '1303', 11492, 12835, 14418, 85),
(192, 'Imst', '1898', 8689, 9506, 11135, 86),
(193, 'Innsbruck', '1239', 113392, 119617, 131358, 87),
(194, 'Kitzbühel', '1271', 8574, 8076, 8289, 88),
(195, 'Kufstein', '1393', 15358, 17469, 19930, 89),
(196, 'Rattenberg', '1393', 436, 409, 459, 89),
(197, 'Wörgl', '1951', 10885, 12751, 14403, 89),
(198, 'Landeck', '1923', 7336, 7709, 7579, 90),
(199, 'Lienz', '1240', 12079, 11761, 11990, 91),
(200, 'Schwaz', '1899', 12212, 13023, 14211, 92),
(201, 'Vils', '1327', 1567, 1482, 1507, 93),
(202, 'Wien', '1221', 1550123, 1714227, 1982097, 94);

